feature,f_value,p_value
sepal length,134.42311787125752,1.4222205975500225e-33
sepal width,41.09358107231544,7.937016537989264e-15
petal length,1011.6430115572026,4.0072565413597534e-85
petal width,952.2900798572691,2.253208688853852e-83
